{
  "Get all items" : {
    "transaction" : "Get all items",
    "sampleCount" : 1908,
    "errorCount" : 106,
    "errorPct" : 5.5555553,
    "meanResTime" : 53.98846960167722,
    "medianResTime" : 48.0,
    "minResTime" : 14.0,
    "maxResTime" : 242.0,
    "pct1ResTime" : 77.0,
    "pct2ResTime" : 103.0,
    "pct3ResTime" : 164.28000000000065,
    "throughput" : 35.97895570515359,
    "receivedKBytesPerSec" : 103.86175214732893,
    "sentKBytesPerSec" : 12.156951830061661
  },
  "Total" : {
    "transaction" : "Total",
    "sampleCount" : 9522,
    "errorCount" : 798,
    "errorPct" : 8.380592,
    "meanResTime" : 55.1100609115732,
    "medianResTime" : 47.0,
    "minResTime" : 14.0,
    "maxResTime" : 251.0,
    "pct1ResTime" : 91.0,
    "pct2ResTime" : 120.0,
    "pct3ResTime" : 160.0,
    "throughput" : 179.548582957781,
    "receivedKBytesPerSec" : 125.97869855208077,
    "sentKBytesPerSec" : 66.38641786128449
  },
  "Create an item" : {
    "transaction" : "Create an item",
    "sampleCount" : 1907,
    "errorCount" : 188,
    "errorPct" : 9.858417,
    "meanResTime" : 57.398007341373905,
    "medianResTime" : 48.0,
    "minResTime" : 15.0,
    "maxResTime" : 240.0,
    "pct1ResTime" : 100.0,
    "pct2ResTime" : 125.59999999999991,
    "pct3ResTime" : 180.76000000000022,
    "throughput" : 36.03007859733978,
    "receivedKBytesPerSec" : 5.946370393506273,
    "sentKBytesPerSec" : 14.35573444112757
  },
  "Get an item" : {
    "transaction" : "Get an item",
    "sampleCount" : 1899,
    "errorCount" : 118,
    "errorPct" : 6.2137966,
    "meanResTime" : 48.95471300684578,
    "medianResTime" : 42.0,
    "minResTime" : 21.0,
    "maxResTime" : 240.0,
    "pct1ResTime" : 73.0,
    "pct2ResTime" : 107.0,
    "pct3ResTime" : 142.0,
    "throughput" : 35.98090113304786,
    "receivedKBytesPerSec" : 4.497612641630982,
    "sentKBytesPerSec" : 12.33329716572246
  },
  "Update an item" : {
    "transaction" : "Update an item",
    "sampleCount" : 1905,
    "errorCount" : 262,
    "errorPct" : 13.753281,
    "meanResTime" : 62.39947506561676,
    "medianResTime" : 51.0,
    "minResTime" : 20.0,
    "maxResTime" : 251.0,
    "pct1ResTime" : 116.0,
    "pct2ResTime" : 134.0,
    "pct3ResTime" : 176.82000000000016,
    "throughput" : 36.05155087905225,
    "receivedKBytesPerSec" : 5.879500973439185,
    "sentKBytesPerSec" : 14.610735951959652
  },
  "Delete an item" : {
    "transaction" : "Delete an item",
    "sampleCount" : 1903,
    "errorCount" : 124,
    "errorPct" : 6.5160275,
    "meanResTime" : 52.78717813977933,
    "medianResTime" : 46.0,
    "minResTime" : 21.0,
    "maxResTime" : 213.0,
    "pct1ResTime" : 75.0,
    "pct2ResTime" : 113.0,
    "pct3ResTime" : 148.8800000000001,
    "throughput" : 35.98714069591528,
    "receivedKBytesPerSec" : 5.868996578337746,
    "sentKBytesPerSec" : 13.108597148023827
  }
}