{
  "Get an item-1" : {
    "transaction" : "Get an item-1",
    "sampleCount" : 10,
    "errorCount" : 10,
    "errorPct" : 100.0,
    "meanResTime" : 30008.2,
    "medianResTime" : 30009.0,
    "minResTime" : 30000.0,
    "maxResTime" : 30012.0,
    "pct1ResTime" : 30012.0,
    "pct2ResTime" : 30012.0,
    "pct3ResTime" : 30012.0,
    "throughput" : 0.3257859586251832,
    "receivedKBytesPerSec" : 1.0196718724547973,
    "sentKBytesPerSec" : 0.0
  },
  "Get all items" : {
    "transaction" : "Get all items",
    "sampleCount" : 1151,
    "errorCount" : 66,
    "errorPct" : 5.734144,
    "meanResTime" : 1833.1077324066025,
    "medianResTime" : 138.0,
    "minResTime" : 4.0,
    "maxResTime" : 30016.0,
    "pct1ResTime" : 215.0,
    "pct2ResTime" : 30001.0,
    "pct3ResTime" : 30012.0,
    "throughput" : 13.43935360328803,
    "receivedKBytesPerSec" : 22.14182491622297,
    "sentKBytesPerSec" : 4.280642288134604
  },
  "Total" : {
    "transaction" : "Total",
    "sampleCount" : 5515,
    "errorCount" : 191,
    "errorPct" : 3.4632819,
    "meanResTime" : 1051.190208522212,
    "medianResTime" : 141.0,
    "minResTime" : 1.0,
    "maxResTime" : 30126.0,
    "pct1ResTime" : 218.0,
    "pct2ResTime" : 260.1999999999998,
    "pct3ResTime" : 30009.84,
    "throughput" : 61.30298011404688,
    "receivedKBytesPerSec" : 31.542318526088504,
    "sentKBytesPerSec" : 21.966387396763114
  },
  "Create an item" : {
    "transaction" : "Create an item",
    "sampleCount" : 1102,
    "errorCount" : 27,
    "errorPct" : 2.4500906,
    "meanResTime" : 863.8466424682398,
    "medianResTime" : 147.0,
    "minResTime" : 4.0,
    "maxResTime" : 30012.0,
    "pct1ResTime" : 228.70000000000005,
    "pct2ResTime" : 265.8499999999999,
    "pct3ResTime" : 30007.97,
    "throughput" : 12.25424784271862,
    "receivedKBytesPerSec" : 2.75830473406503,
    "sentKBytesPerSec" : 4.762924923271951
  },
  "Get an item" : {
    "transaction" : "Get an item",
    "sampleCount" : 1072,
    "errorCount" : 31,
    "errorPct" : 2.891791,
    "meanResTime" : 981.7154850746269,
    "medianResTime" : 136.5,
    "minResTime" : 3.0,
    "maxResTime" : 30126.0,
    "pct1ResTime" : 200.0,
    "pct2ResTime" : 232.3499999999999,
    "pct3ResTime" : 30013.27,
    "throughput" : 12.461638612480238,
    "receivedKBytesPerSec" : 2.5388876759683345,
    "sentKBytesPerSec" : 4.178124073659676
  },
  "Update an item" : {
    "transaction" : "Update an item",
    "sampleCount" : 1085,
    "errorCount" : 23,
    "errorPct" : 2.1198156,
    "meanResTime" : 492.8728110599078,
    "medianResTime" : 151.0,
    "minResTime" : 1.0,
    "maxResTime" : 30015.0,
    "pct1ResTime" : 228.0,
    "pct2ResTime" : 254.4000000000001,
    "pct3ResTime" : 30000.0,
    "throughput" : 19.445838411355655,
    "receivedKBytesPerSec" : 3.717486888621048,
    "sentKBytesPerSec" : 7.756492400888953
  },
  "Delete an item" : {
    "transaction" : "Delete an item",
    "sampleCount" : 1085,
    "errorCount" : 34,
    "errorPct" : 3.1336405,
    "meanResTime" : 781.4884792626726,
    "medianResTime" : 139.0,
    "minResTime" : 1.0,
    "maxResTime" : 30015.0,
    "pct1ResTime" : 206.0,
    "pct2ResTime" : 231.0,
    "pct3ResTime" : 30003.0,
    "throughput" : 12.677899558318337,
    "receivedKBytesPerSec" : 2.74272088830011,
    "sentKBytesPerSec" : 4.506106442505434
  },
  "Get an item-0" : {
    "transaction" : "Get an item-0",
    "sampleCount" : 10,
    "errorCount" : 0,
    "errorPct" : 0.0,
    "meanResTime" : 28.5,
    "medianResTime" : 11.0,
    "minResTime" : 1.0,
    "maxResTime" : 115.0,
    "pct1ResTime" : 115.0,
    "pct2ResTime" : 115.0,
    "pct3ResTime" : 115.0,
    "throughput" : 14.556040756914118,
    "receivedKBytesPerSec" : 2.075372998544396,
    "sentKBytesPerSec" : 4.932564592430858
  }
}