{
  "Get all items" : {
    "transaction" : "Get all items",
    "sampleCount" : 2170,
    "errorCount" : 0,
    "errorPct" : 0.0,
    "meanResTime" : 67.04838709677416,
    "medianResTime" : 66.0,
    "minResTime" : 5.0,
    "maxResTime" : 350.0,
    "pct1ResTime" : 110.0,
    "pct2ResTime" : 141.0,
    "pct3ResTime" : 199.28999999999996,
    "throughput" : 36.147990205060715,
    "receivedKBytesPerSec" : 86.96878682992954,
    "sentKBytesPerSec" : 12.214067002881844
  },
  "Total" : {
    "transaction" : "Total",
    "sampleCount" : 10819,
    "errorCount" : 0,
    "errorPct" : 0.0,
    "meanResTime" : 70.87632868102462,
    "medianResTime" : 66.0,
    "minResTime" : 3.0,
    "maxResTime" : 350.0,
    "pct1ResTime" : 133.0,
    "pct2ResTime" : 163.0,
    "pct3ResTime" : 217.0,
    "throughput" : 180.19353441814758,
    "receivedKBytesPerSec" : 109.14932413371696,
    "sentKBytesPerSec" : 66.62468797363469
  },
  "Create an item" : {
    "transaction" : "Create an item",
    "sampleCount" : 2167,
    "errorCount" : 0,
    "errorPct" : 0.0,
    "meanResTime" : 76.40701430549134,
    "medianResTime" : 69.0,
    "minResTime" : 4.0,
    "maxResTime" : 333.0,
    "pct1ResTime" : 148.0,
    "pct2ResTime" : 177.5999999999999,
    "pct3ResTime" : 234.32000000000016,
    "throughput" : 36.14618605194242,
    "receivedKBytesPerSec" : 5.965532658963153,
    "sentKBytesPerSec" : 14.401996005070808
  },
  "Get an item" : {
    "transaction" : "Get an item",
    "sampleCount" : 2157,
    "errorCount" : 0,
    "errorPct" : 0.0,
    "meanResTime" : 63.90913305516924,
    "medianResTime" : 61.0,
    "minResTime" : 3.0,
    "maxResTime" : 291.0,
    "pct1ResTime" : 113.0,
    "pct2ResTime" : 147.0,
    "pct3ResTime" : 200.42000000000007,
    "throughput" : 36.00821327813298,
    "receivedKBytesPerSec" : 4.501026659766623,
    "sentKBytesPerSec" : 12.342659043578786
  },
  "Update an item" : {
    "transaction" : "Update an item",
    "sampleCount" : 2165,
    "errorCount" : 0,
    "errorPct" : 0.0,
    "meanResTime" : 79.77182448036953,
    "medianResTime" : 71.0,
    "minResTime" : 4.0,
    "maxResTime" : 340.0,
    "pct1ResTime" : 155.0,
    "pct2ResTime" : 179.0,
    "pct3ResTime" : 224.6800000000003,
    "throughput" : 36.126685355760245,
    "receivedKBytesPerSec" : 5.891754350011681,
    "sentKBytesPerSec" : 14.641185959609865
  },
  "Delete an item" : {
    "transaction" : "Delete an item",
    "sampleCount" : 2160,
    "errorCount" : 0,
    "errorPct" : 0.0,
    "meanResTime" : 67.21481481481489,
    "medianResTime" : 65.0,
    "minResTime" : 4.0,
    "maxResTime" : 294.0,
    "pct1ResTime" : 115.0,
    "pct2ResTime" : 149.0,
    "pct3ResTime" : 198.0,
    "throughput" : 36.09082858527294,
    "receivedKBytesPerSec" : 5.885906614981036,
    "sentKBytesPerSec" : 13.146366271783991
  }
}