{
  "Get all items" : {
    "transaction" : "Get all items",
    "sampleCount" : 2945,
    "errorCount" : 0,
    "errorPct" : 0.0,
    "meanResTime" : 19.720203735144338,
    "medianResTime" : 18.0,
    "minResTime" : 5.0,
    "maxResTime" : 202.0,
    "pct1ResTime" : 25.0,
    "pct2ResTime" : 29.0,
    "pct3ResTime" : 54.07999999999993,
    "throughput" : 49.09315196372608,
    "receivedKBytesPerSec" : 125.37820064012803,
    "sentKBytesPerSec" : 16.588115800243383
  },
  "Total" : {
    "transaction" : "Total",
    "sampleCount" : 14712,
    "errorCount" : 0,
    "errorPct" : 0.0,
    "meanResTime" : 19.568039695486657,
    "medianResTime" : 19.0,
    "minResTime" : 3.0,
    "maxResTime" : 202.0,
    "pct1ResTime" : 26.0,
    "pct2ResTime" : 29.0,
    "pct3ResTime" : 54.0,
    "throughput" : 245.24904980996197,
    "receivedKBytesPerSec" : 155.59770482742383,
    "sentKBytesPerSec" : 90.67555698639728
  },
  "Create an item" : {
    "transaction" : "Create an item",
    "sampleCount" : 2943,
    "errorCount" : 0,
    "errorPct" : 0.0,
    "meanResTime" : 21.045191980971826,
    "medianResTime" : 20.0,
    "minResTime" : 4.0,
    "maxResTime" : 184.0,
    "pct1ResTime" : 27.0,
    "pct2ResTime" : 30.0,
    "pct3ResTime" : 66.0,
    "throughput" : 49.13926967323972,
    "receivedKBytesPerSec" : 8.109898998806164,
    "sentKBytesPerSec" : 19.57892776043145
  },
  "Get an item" : {
    "transaction" : "Get an item",
    "sampleCount" : 2940,
    "errorCount" : 0,
    "errorPct" : 0.0,
    "meanResTime" : 15.806462585034001,
    "medianResTime" : 15.0,
    "minResTime" : 3.0,
    "maxResTime" : 172.0,
    "pct1ResTime" : 21.0,
    "pct2ResTime" : 24.0,
    "pct3ResTime" : 34.590000000000146,
    "throughput" : 49.13512158435698,
    "receivedKBytesPerSec" : 6.1418901980446226,
    "sentKBytesPerSec" : 16.842214527450487
  },
  "Update an item" : {
    "transaction" : "Update an item",
    "sampleCount" : 2943,
    "errorCount" : 0,
    "errorPct" : 0.0,
    "meanResTime" : 22.059802922188247,
    "medianResTime" : 21.0,
    "minResTime" : 4.0,
    "maxResTime" : 201.0,
    "pct1ResTime" : 28.0,
    "pct2ResTime" : 32.0,
    "pct3ResTime" : 64.55999999999995,
    "throughput" : 49.13352699589302,
    "receivedKBytesPerSec" : 8.012987312806771,
    "sentKBytesPerSec" : 19.91251338212461
  },
  "Delete an item" : {
    "transaction" : "Delete an item",
    "sampleCount" : 2941,
    "errorCount" : 0,
    "errorPct" : 0.0,
    "meanResTime" : 19.20435226113562,
    "medianResTime" : 18.0,
    "minResTime" : 3.0,
    "maxResTime" : 86.0,
    "pct1ResTime" : 25.0,
    "pct2ResTime" : 28.0,
    "pct3ResTime" : 51.57999999999993,
    "throughput" : 49.106695608615794,
    "receivedKBytesPerSec" : 8.00861149085824,
    "sentKBytesPerSec" : 17.887497521497746
  }
}