{
  "Get all items" : {
    "transaction" : "Get all items",
    "sampleCount" : 1350,
    "errorCount" : 0,
    "errorPct" : 0.0,
    "meanResTime" : 94.35555555555563,
    "medianResTime" : 88.0,
    "minResTime" : 16.0,
    "maxResTime" : 302.0,
    "pct1ResTime" : 143.0,
    "pct2ResTime" : 168.0,
    "pct3ResTime" : 240.45000000000005,
    "throughput" : 22.50862830751788,
    "receivedKBytesPerSec" : 336.3645028771446,
    "sentKBytesPerSec" : 7.60545448671991
  },
  "Total" : {
    "transaction" : "Total",
    "sampleCount" : 6730,
    "errorCount" : 0,
    "errorPct" : 0.0,
    "meanResTime" : 85.64413075780108,
    "medianResTime" : 79.0,
    "minResTime" : 3.0,
    "maxResTime" : 324.0,
    "pct1ResTime" : 142.0,
    "pct2ResTime" : 169.0,
    "pct3ResTime" : 241.0,
    "throughput" : 112.19097471118742,
    "receivedKBytesPerSec" : 350.1261861945088,
    "sentKBytesPerSec" : 41.47975550952706
  },
  "Create an item" : {
    "transaction" : "Create an item",
    "sampleCount" : 1348,
    "errorCount" : 0,
    "errorPct" : 0.0,
    "meanResTime" : 87.3464391691395,
    "medianResTime" : 79.0,
    "minResTime" : 5.0,
    "maxResTime" : 314.0,
    "pct1ResTime" : 147.0,
    "pct2ResTime" : 176.0,
    "pct3ResTime" : 256.53,
    "throughput" : 22.493283719067563,
    "receivedKBytesPerSec" : 3.712270457541424,
    "sentKBytesPerSec" : 8.962167731815981
  },
  "Get an item" : {
    "transaction" : "Get an item",
    "sampleCount" : 1343,
    "errorCount" : 0,
    "errorPct" : 0.0,
    "meanResTime" : 74.99702159344747,
    "medianResTime" : 68.0,
    "minResTime" : 3.0,
    "maxResTime" : 292.0,
    "pct1ResTime" : 126.0,
    "pct2ResTime" : 162.79999999999995,
    "pct3ResTime" : 233.23999999999978,
    "throughput" : 22.44505724074538,
    "receivedKBytesPerSec" : 2.8056321550931727,
    "sentKBytesPerSec" : 7.69356942529456
  },
  "Update an item" : {
    "transaction" : "Update an item",
    "sampleCount" : 1345,
    "errorCount" : 0,
    "errorPct" : 0.0,
    "meanResTime" : 91.08029739776954,
    "medianResTime" : 83.0,
    "minResTime" : 5.0,
    "maxResTime" : 324.0,
    "pct1ResTime" : 155.0,
    "pct2ResTime" : 175.0,
    "pct3ResTime" : 237.6199999999999,
    "throughput" : 22.46871919947879,
    "receivedKBytesPerSec" : 3.6643321350712488,
    "sentKBytesPerSec" : 9.105975066195018
  },
  "Delete an item" : {
    "transaction" : "Delete an item",
    "sampleCount" : 1344,
    "errorCount" : 0,
    "errorPct" : 0.0,
    "meanResTime" : 80.38541666666669,
    "medianResTime" : 75.0,
    "minResTime" : 4.0,
    "maxResTime" : 273.0,
    "pct1ResTime" : 131.0,
    "pct2ResTime" : 159.0,
    "pct3ResTime" : 228.0,
    "throughput" : 22.44301578024547,
    "receivedKBytesPerSec" : 3.6601402688486266,
    "sentKBytesPerSec" : 8.175043834015195
  }
}